{
    "project": {
        "version": "1.0.0-alpha.3",
        "name": "core-ui"
    },
    "apps": [{
        "root": "src",
        "outDir": "dist",
        "assets": ["assets"],
        "index": "index.html",
        "main": "main.ts",
        "polyfills": "polyfills.ts",
        "test": "test.ts",
        "tsconfig": "tsconfig.json",
        "prefix": "app",
        "mobile": false,
        "styles": [
            "scss/style.scss",
            "../node_modules/font-awesome/css/font-awesome.css",
            "../node_modules/froala-editor/css/froala_editor.pkgd.min.css"
        ],
        "scripts": [
            "../node_modules/chart.js/dist/Chart.bundle.min.js",
            "../node_modules/chart.js/dist/Chart.min.js",
            "../node_modules/jquery/dist/jquery.min.js",
            "../node_modules/froala-editor/js/froala_editor.pkgd.min.js",
            "../node_modules/froala-editor/js/plugins/image.min.js"
        ],

        "environmentSource": "environments/environment.ts",
        "environments": {
            "dev": "environments/environment.ts",
            "prod": "environments/environment.prod.ts"
        },
        "addons": [
            "../node_modules/font-awesome/fonts/*.+(otf|eot|svg|ttf|woff|woff2)"
        ]
    }],
    "e2e": {
        "protractor": {
            "config": "./protractor.conf.js"
        }
    },
    "lint": [{
            "files": "src/**/*.ts",
            "project": "src/tsconfig.json"
        },
        {
            "files": "e2e/**/*.ts",
            "project": "e2e/tsconfig.json"
        }
    ],
    "test": {
        "karma": {
            "config": "./karma.conf.js"
        }
    },
    "defaults": {
        "styleExt": "scss",
        "prefixInterfaces": false
    }
}